Neighborhood,Price,Bedrooms,Bathrooms,House_Size,Description
Green Acres,"$750,000",4,3,"2,500 sqft","Discover this spacious and modern home in the tranquil Green Acres neighborhood. With a large backyard and updated features, this property is perfect for a growing family."
Pine Grove,"$825,000",3,2,"2,200 sqft","Welcome to Pine Grove, where this cozy home offers a blend of comfort and style. Enjoy the peaceful surroundings and convenient location."
Maple Ridge,"$790,000",3,2,"2,100 sqft","Nestled in the charming Maple Ridge neighborhood, this home features a modern design and eco-friendly amenities. Embrace sustainable living in style."
Oakwood Heights,"$780,000",3,2,"2,150 sqft","Experience the beauty of Oakwood Heights in this well-maintained home. With a spacious layout and natural light, this property is a true gem."
Cedar Hills,"$795,000",4,3,"2,300 sqft","Located in the desirable Cedar Hills neighborhood, this home offers a perfect blend of comfort and convenience. Enjoy the spacious living areas and outdoor space."
Willow Creek,"$770,000",3,2,"2,050 sqft","Discover the peaceful surroundings of Willow Creek in this charming home. With eco-friendly features and a cozy atmosphere, this property is a must-see."
Birchwood Park,"$810,000",4,3,"2,400 sqft","Welcome to Birchwood Park, where this spacious home offers a perfect blend of modern amenities and natural surroundings. Enjoy the peaceful neighborhood and convenient location."
Sycamore Grove,"$785,000",3,2,"2,150 sqft","Embrace the beauty of Sycamore Grove in this charming home. With a well-designed layout and eco-friendly features, this property is a true gem."
Hickory Hills,"$795,000",3,2,"2,100 sqft","Located in the serene Hickory Hills neighborhood, this home offers a perfect blend of comfort and style. Enjoy the spacious living areas and outdoor space."
Redwood Forest,"$820,000",4,3,"2,450 sqft","Discover the beauty of Redwood Forest in this modern home. With updated features and a spacious layout, this property is perfect for a growing family."
